timestamp,domain,brand_match,similarity_score,issuer,tld,tld_suspicious,has_keyword,entropy,registration_days,cn_mismatch,ocsp_missing,short_lived,brand_in_subdomain,score
1749768566.951,user.mydailynews.com,nydailynews.com,0.80,Let's Encrypt,com,False,True,3.82,,False,True,False,False,8.0
1749768566.985,vlkgo.com,vk.com,0.80,Google Trust Services,com,False,False,2.95,,False,True,False,False,2.0
1749768566.985,vlkgo.com,vk.com,0.80,Google Trust Services,com,False,False,2.95,,False,True,False,False,2.0
1749768567.11,shinely.com,intel.com,0.80,"GoDaddy.com, Inc.",com,False,False,3.46,,False,True,False,False,4.0
1749768567.265,uhpo.com,hbo.com,0.80,Let's Encrypt,com,False,False,2.75,,False,True,False,False,3.0
1749768567.378,rak-eu.com,ranker.com,0.80,Google Trust Services,com,False,False,3.32,,False,True,False,False,3.0
1749768567.378,rak-eu.com,ranker.com,0.80,Google Trust Services,com,False,False,3.32,,False,True,False,False,3.0
1749768567.526,cnhradio.com,rdio.com,0.80,"GoDaddy.com, Inc.",com,False,False,3.25,,False,True,False,False,3.0
1749768567.576,tikver.com,fiverr.com,0.80,Let's Encrypt,com,False,False,3.32,,False,True,False,False,4.0
1749768567.576,tikver.com,fiverr.com,0.80,Let's Encrypt,com,False,False,3.32,,False,True,False,False,4.0
1749768567.786,techigpt.com,techsmith.com,0.80,DigiCert Inc,com,False,False,3.25,,False,True,False,False,3.0
1749768567.798,osin-tech.com,logitech.com,0.80,Let's Encrypt,com,False,False,3.39,,False,True,False,False,4.0
1749768567.81,aslnetwork.com,jamanetwork.com,0.83,Let's Encrypt,com,False,False,3.66,,False,True,False,False,5.0
1749768567.81,aslnetwork.com,jamanetwork.com,0.83,Let's Encrypt,com,False,False,3.66,,False,True,False,False,5.0
1749768568.127,henaro.com,iheart.com,0.80,Let's Encrypt,com,False,False,3.12,,False,True,False,False,4.0
1749768568.256,canradnetwork.com,jamanetwork.com,0.81,Let's Encrypt,com,False,False,3.5,,False,True,False,False,5.0
1749768568.256,canradnetwork.com,jamanetwork.com,0.81,Let's Encrypt,com,False,False,3.5,,False,True,False,False,5.0
1749769204.112,atlanticsax.com,theatlantic.com,0.80,Google Trust Services,com,False,False,3.32,,False,True,False,False,3.0
1749769258.811,bcsbonline.com,eonline.com,0.80,ZeroSSL,com,False,False,3.24,8052,False,True,False,False,4.0
1749769259.036,fobbex.com,forbes.com,0.80,Google Trust Services,com,False,False,2.92,2022,False,True,False,False,2.0
1749769259.036,fobbex.com,forbes.com,0.80,Google Trust Services,com,False,False,2.92,2022,False,True,False,False,2.0
1749769259.452,mssawards.com,starwars.com,0.80,"GoDaddy.com, Inc.",com,False,False,3.03,1566,False,True,False,False,2.0
1749769259.668,imperva.com,opera.com,0.80,GlobalSign nv-sa,com,False,False,3.28,7840,False,True,False,False,3.0
1749769259.67,imperva.com,opera.com,0.80,GlobalSign nv-sa,com,False,False,3.28,7840,False,True,False,False,3.0
1749769259.67,imperva.com,opera.com,0.80,GlobalSign nv-sa,com,False,False,3.28,7840,False,True,False,False,3.0
1749769259.67,ptplace.com,apple.com,0.80,GlobalSign nv-sa,com,False,False,3.1,9434,False,True,False,False,3.0
1749769259.671,imperva.com,opera.com,0.80,GlobalSign nv-sa,com,False,False,3.28,7840,False,True,False,False,3.0
1749769259.671,imperva.com,opera.com,0.80,GlobalSign nv-sa,com,False,False,3.28,7840,False,True,False,False,3.0
1749769259.671,imperva.com,opera.com,0.80,GlobalSign nv-sa,com,False,False,3.28,7840,False,True,False,False,3.0
1749769259.671,imperva.com,opera.com,0.80,GlobalSign nv-sa,com,False,False,3.28,7840,False,True,False,False,3.0
1749769259.671,imperva.com,opera.com,0.80,GlobalSign nv-sa,com,False,False,3.28,7840,False,True,False,False,3.0
1749769259.671,imperva.com,opera.com,0.80,GlobalSign nv-sa,com,False,False,3.28,7840,False,True,False,False,3.0
1749769259.671,imperva.com,opera.com,0.80,GlobalSign nv-sa,com,False,False,3.28,7840,False,True,False,False,3.0
1749769259.672,imperva.com,opera.com,0.80,GlobalSign nv-sa,com,False,False,3.28,7840,False,True,False,False,3.0
1749769259.672,imperva.com,opera.com,0.80,GlobalSign nv-sa,com,False,False,3.28,7840,False,True,False,False,3.0
1749769259.697,fortunie.com,fortune.com,0.96,Let's Encrypt,com,False,False,3.42,688,False,True,False,False,5.5
1749769259.756,vycee.com,vice.com,0.82,Let's Encrypt,com,False,False,2.73,634,False,True,False,False,3.0
1749769259.855,bexj.com,bmj.com,0.80,Let's Encrypt,com,False,False,3.0,7033,False,True,False,False,3.0
1749769259.872,iiworey.com,imore.com,0.80,Let's Encrypt,com,False,False,3.1,31,False,True,False,False,6.0
1749769259.874,depospan.com,espn.com,0.80,Let's Encrypt,com,False,False,3.25,8448,False,True,False,False,4.0
1749769259.91,d4dmail.com,gmail.com,0.80,"GoDaddy.com, Inc.",com,False,False,3.1,1267,False,True,False,False,3.0
1749769260.119,mollova.com,mozilla.com,0.82,Let's Encrypt,com,False,False,2.66,605,False,True,False,False,3.0
1749769260.349,gamazing.com,amazon.com,0.82,Google Trust Services,com,False,False,3.08,6047,False,True,False,False,2.0
1749769260.349,gamazing.com,amazon.com,0.82,Google Trust Services,com,False,False,3.08,6047,False,True,False,False,2.0
1749769260.415,trendilo.com,trello.com,0.82,Let's Encrypt,com,False,False,3.42,3355,False,True,False,False,5.0
1749769260.508,storychiefly.com,storify.com,0.81,Google Trust Services,com,False,False,3.62,178,False,True,False,False,5.0
1749769260.508,storychiefly.com,storify.com,0.81,Google Trust Services,com,False,False,3.62,178,False,True,False,False,5.0
1749769260.745,support.globalspex.com,support.google.com,0.80,Let's Encrypt,com,False,True,3.75,9298,False,True,False,False,8.0
1749769260.752,twimg.com,i.ytimg.com,0.80,Let's Encrypt,com,False,False,2.95,6107,False,True,False,False,3.0
1749769260.752,twimg.com,i.ytimg.com,0.80,Let's Encrypt,com,False,False,2.95,6107,False,True,False,False,3.0
1749769260.885,houbun.com,ubuntu.com,0.80,Let's Encrypt,com,False,False,2.92,9199,False,True,False,False,3.0
1749770315.134,brutum.com,ubuntu.com,0.80,Let's Encrypt,com,False,False,2.92,4884,False,True,False,False,3.0
1749770315.202,4xea.com,ea.com,0.86,"GoDaddy.com, Inc.",com,False,False,3.0,6214,False,True,False,False,2.25
1749770315.216,us-east-1.es.amazonaws.com,s3-eu-west-1.amazonaws.com,0.81,Amazon,com,False,False,3.59,7238,False,True,False,False,4.0
1749770315.219,us-west-2.es.amazonaws.com,s3-eu-west-1.amazonaws.com,0.81,Amazon,com,False,False,3.64,7238,False,True,False,False,4.0
1749770315.362,stakza.com,strava.com,0.80,Google Trust Services,com,False,False,3.12,124,False,True,False,False,4.0
1749770315.559,1forthebooks.com,freshbooks.com,0.80,Let's Encrypt,com,False,False,3.5,1899,False,True,False,False,5.0
1749770315.867,internetstick.com,pinterest.com,0.80,"GoDaddy.com, Inc.",com,False,False,3.34,6176,False,True,False,False,3.0
1749770315.929,vaakonline.com,eonline.com,0.80,"GoDaddy.com, Inc.",com,False,False,3.38,373,False,True,False,False,3.0
1749770315.964,vwkw.com,vk.com,0.86,DigiCert Inc,com,False,False,2.75,6577,False,True,False,False,2.25
1749770315.989,anodes.org,nodejs.org,0.90,Let's Encrypt,org,False,False,3.12,472,False,True,False,False,4.5
1749770316.201,meadum.com,medium.com,0.90,"CLOUDFLARE, INC.",com,False,False,2.85,2629,False,True,False,False,2.5
1749770316.241,wiingx.com,wix.com,0.82,"GoDaddy.com, Inc.",com,False,False,3.12,622,False,True,False,False,3.0
1749770316.305,erp.edresearch.org,pewresearch.org,0.85,Let's Encrypt,org,False,False,3.17,1459,False,True,False,False,4.0
1749770316.349,pacare.com,space.com,0.84,Google Trust Services,com,False,False,2.92,9386,False,True,False,False,2.0
1749770316.354,eaev.com,ea.com,0.86,Let's Encrypt,com,False,False,2.75,7336,False,True,False,False,3.25
1749770316.526,sc3intl.com,intel.com,0.80,Let's Encrypt,com,False,False,3.28,4307,False,True,False,False,4.0
1749770316.599,maeentrepreneur.com,entrepreneur.com,0.91,"GoDaddy.com, Inc.",com,False,False,3.18,4023,False,True,False,False,3.5
1749770316.77,triqura.com,quora.com,0.80,Let's Encrypt,com,False,False,3.28,4537,False,True,False,False,4.0
1749770316.926,sixb.com,ibm.com,0.80,Google Trust Services,com,False,False,3.0,10431,False,True,False,False,2.0
1749770316.962,eu-west-2.es.amazonaws.com,s3-eu-west-1.amazonaws.com,0.85,Amazon,com,False,False,3.66,7238,False,True,False,False,4.0
1749770317.288,vgmopro.com,gopro.com,0.90,Let's Encrypt,com,False,False,2.85,3558,False,True,False,False,3.5
1749770317.904,theitplant.com,theatlantic.com,0.83,Let's Encrypt,com,False,False,3.47,906,False,True,False,False,5.0
1749770318.169,disigg.com,digg.com,0.89,"GoDaddy.com, Inc.",com,False,False,2.92,5672,False,True,False,False,2.25
1749770318.417,tohaelth.com,health.com,0.82,"GoDaddy.com, Inc.",com,False,False,3.08,-1,False,True,False,False,5.0
1749770318.512,emogz.com,moz.com,0.88,"GoDaddy.com, Inc.",com,False,False,2.73,335,False,True,False,False,2.25
1749770318.514,s3.us-northeast-1.amazonaws.com,s3-eu-west-1.amazonaws.com,0.81,Amazon,com,False,False,3.87,7238,False,True,False,False,5.0
1749770318.648,a2bt.com,abc.com,0.80,"GoDaddy.com, Inc.",com,False,False,3.0,9,False,True,False,False,5.0
1749770318.651,us-gov-west-1.es.amazonaws.com,s3-eu-west-1.amazonaws.com,0.82,Amazon,com,False,False,3.81,7238,False,True,False,False,5.0
1749770318.828,ubezo.com,uber.com,0.82,Let's Encrypt,com,False,False,2.95,3102,False,True,False,False,3.0
1749770319.029,changefit.org,change.org,0.87,Google Trust Services,org,False,False,3.55,118,False,True,False,False,5.25
1749770319.253,imperva.com,opera.com,0.80,GlobalSign nv-sa,com,False,False,3.28,7840,False,True,False,False,3.0
1749770319.809,monero.com,monster.com,0.86,Let's Encrypt,com,False,False,2.65,9506,False,True,False,False,3.25
1749770320.082,indigogsl.com,indiegogo.com,0.85,Let's Encrypt,com,False,False,3.24,1731,False,True,False,False,4.0
1749770320.152,ubehoru.com,uber.com,0.84,Let's Encrypt,com,False,False,3.1,-1,False,True,False,False,7.0
1749770320.226,boafer.com,buffer.com,0.80,ZeroSSL,com,False,False,3.12,649,False,True,False,False,4.0
1749770320.32,mlrc.com,mlb.com,0.80,Let's Encrypt,com,False,False,2.5,9255,False,True,False,False,3.0
1749770320.321,web.cacy.com,ebay.com,0.80,Let's Encrypt,com,False,False,3.02,8561,False,True,False,False,3.0
1749770320.347,xanler.com,ranker.com,0.80,Sectigo Limited,com,False,False,3.32,675,False,True,False,False,3.0
1749770320.67,atresyn.com,patreon.com,0.82,Google Trust Services,com,False,False,3.46,0,False,True,False,False,7.0
1749770320.846,mandios.com,axios.com,0.80,Google Trust Services,com,False,False,3.1,6659,False,True,False,False,3.0
1749770321.244,chowride.com,crowdrise.com,0.80,"GoDaddy.com, Inc.",com,False,False,3.25,3076,False,True,False,False,3.0
1749770321.757,daitj.com,udacity.com,0.80,Google Trust Services,com,False,False,3.17,1777,False,True,False,False,3.0
1749770321.784,chinite.com,intel.com,0.80,DigiCert Inc,com,False,False,3.1,6211,False,True,False,False,3.0
1749770321.872,radio.com.gh,rdio.com,0.80,Google Trust Services,gh,False,False,3.25,3636,False,True,False,False,3.0
1749770322.502,newbz.co.uk,news.bbc.co.uk,0.80,Let's Encrypt,uk,False,False,3.28,5930,False,True,False,False,4.0
1749770322.514,elfbingo.com,bing.com,0.80,Google Trust Services,com,False,False,3.42,4315,False,True,False,False,4.0
1749770322.665,erp.facebeook.com,facebook.com,0.83,Let's Encrypt,com,False,False,3.29,4885,False,True,False,False,4.0
1749770322.892,rcelo.com,trello.com,0.84,Amazon,com,False,False,2.73,7399,False,True,False,False,2.0
1749770323.494,relay.sjre.com,relapse.com,0.80,DigiCert Inc,com,False,False,3.38,8607,False,True,False,False,3.0
1749770323.495,777waze.com,waze.com,0.84,"GoDaddy.com, Inc.",com,False,False,3.03,405,False,True,False,False,2.0
1749770323.496,empireneur.com,entrepreneur.com,0.80,"GoDaddy.com, Inc.",com,False,False,3.18,5849,False,True,False,False,3.0
1749770323.538,montvernon.com,monster.com,0.80,Let's Encrypt,com,False,False,2.99,8858,False,True,False,False,3.0
1749770323.789,1of1space.com,space.com,0.82,DigiCert Inc,com,False,False,3.24,127,False,True,False,False,4.0
1749770323.931,kadege.com,adage.com,0.84,Let's Encrypt,com,False,False,3.12,4332,False,True,False,False,4.0
1749770324.394,painatl.com,intel.com,0.80,"GoDaddy.com, Inc.",com,False,False,3.28,3695,False,True,False,False,3.0
1749770324.546,eltry.com,etsy.com,0.82,Let's Encrypt,com,False,False,3.17,2743,False,True,False,False,4.0
1749770324.577,mutto.de,otto.de,0.80,Google Trust Services,de,False,False,2.75,-1,False,True,False,False,5.0
1749770325.028,bybusinessai.com,businesswire.com,0.81,"GoDaddy.com, Inc.",com,False,False,3.45,736,False,True,False,False,4.0
1749770325.188,droxo.com,dropbox.com,0.80,Let's Encrypt,com,False,False,2.64,4136,False,True,False,False,3.0
1749770325.188,equza.com,qz.com,0.80,Let's Encrypt,com,False,False,3.17,3584,False,True,False,False,4.0
1749770325.191,cnphos.com,nypost.com,0.80,Let's Encrypt,com,False,False,2.92,2393,False,True,False,False,3.0
1749770325.198,austrored.com,appstore.com,0.80,Let's Encrypt,com,False,False,3.39,1540,False,True,False,False,4.0
1749770325.507,cporoundtable.com,seroundtable.com,0.85,"GoDaddy.com, Inc.",com,False,False,3.69,1137,False,True,False,False,4.0
1749770325.509,sczn.com,cnn.com,0.80,Let's Encrypt,com,False,False,2.75,7429,False,True,False,False,3.0
1749770325.537,bumpbear.com,uber.com,0.80,Let's Encrypt,com,False,False,3.25,2753,False,True,False,False,4.0
1749770325.552,y5t.me,t.me,0.80,"CLOUDFLARE, INC.",me,True,False,2.58,72,False,True,False,False,4.0
1749770325.61,sinitc.com,inc.com,0.82,Google Trust Services,com,False,False,2.92,1405,False,True,False,False,2.0
1749770325.733,shar.pseed.com,4shared.com,0.80,Let's Encrypt,com,False,False,3.38,6274,False,True,False,False,4.0
1749771068.022,djeonaturel.com,nature.com,0.80,Let's Encrypt,com,False,False,3.64,1319,False,True,False,False,5.0
1749771068.025,imperva.com,opera.com,0.80,GlobalSign nv-sa,com,False,False,3.28,7840,False,True,False,False,3.0
1749771068.076,ecutigers.com,reuters.com,0.83,GlobalSign nv-sa,com,False,False,3.39,5460,False,True,False,False,3.0
1749771068.409,tweerly.com,weebly.com,0.86,Google Trust Services,com,False,False,3.28,307,False,True,False,False,3.25
1749771069.139,slidesteam.com,livestream.com,0.86,Google Trust Services,com,False,False,3.38,1163,False,True,False,False,3.25
1749771069.365,mgimg.com,smugmug.com,0.80,Google Trust Services,com,False,False,2.42,5487,False,True,False,False,2.0
1749771069.372,colvox.com,vox.com,0.82,Let's Encrypt,com,False,False,2.65,835,False,True,False,False,3.0
1749771069.625,igstg.com,digg.com,0.82,Google Trust Services,com,False,False,2.95,1867,False,True,False,False,2.0
1749771069.984,googlejf.com,google.com,0.91,Let's Encrypt,com,False,False,3.02,222,False,True,False,False,3.5
1749771070.07,llnn.com,cnn.com,0.80,Let's Encrypt,com,False,False,2.5,7949,False,True,False,False,3.0
1749771070.327,test.cdtimes.co.uk,thetimes.co.uk,0.81,Let's Encrypt,uk,False,False,3.31,1299,False,True,False,False,4.0
1749771070.733,ascendrowid.com,android.com,0.85,Let's Encrypt,com,False,False,3.51,96,False,True,False,False,6.0
1749771070.734,eetat.com,ea.com,0.80,Let's Encrypt,com,False,False,2.73,659,False,True,False,False,3.0
1749771071.227,buzzfad.com,buzzfeed.com,0.87,Let's Encrypt,com,False,False,3.28,4131,False,True,False,False,4.25
1749771071.228,ahp9.com,hp.com,0.86,"GoDaddy.com, Inc.",com,False,False,3.0,5172,False,True,False,False,2.25
1749771071.295,googlekd.com,google.com,0.91,Let's Encrypt,com,False,False,3.02,222,False,True,False,False,3.5
1749771071.334,daftspace.com,space.com,0.82,Let's Encrypt,com,False,False,3.39,1597,False,True,False,False,4.0
1749771071.606,lbwk.com,mlb.com,0.80,ZeroSSL,com,False,False,3.0,6603,False,True,False,False,3.0
1749771071.618,cskinbooking.com,booking.com,0.81,Let's Encrypt,com,False,False,3.2,193,False,True,False,False,4.0
1749771071.619,creativecareltd.com,creativemarket.com,0.86,Let's Encrypt,com,False,False,3.43,3836,False,True,False,False,5.25
1749771071.634,vocaltimes.com,latimes.com,0.80,Let's Encrypt,com,False,False,3.38,4405,False,True,False,False,4.0
1749771071.744,koors.com,kobo.com,0.82,ZeroSSL,com,False,False,2.64,9620,False,True,False,False,3.0
1749771071.887,springny.com,springer.com,0.83,Let's Encrypt,com,False,False,3.42,106,False,True,False,False,6.0
1749771072.345,googleem.com,google.com,0.91,Let's Encrypt,com,False,False,2.69,222,False,True,False,False,3.5
1749771072.387,rcsl.com,cbs.com,0.80,Let's Encrypt,com,False,False,2.75,9135,False,True,False,False,3.0
1749771072.672,ozger.com,blogger.com,0.80,Google Trust Services,com,False,False,2.95,8300,False,True,False,False,2.0
1749771072.852,us-west-2.es.amazonaws.com,s3-eu-west-1.amazonaws.com,0.81,Amazon,com,False,False,3.64,7238,False,True,False,False,4.0
1749771072.853,us-west-1.es.amazonaws.com,s3-eu-west-1.amazonaws.com,0.85,Amazon,com,False,False,3.64,7238,False,True,False,False,4.0
1749771072.854,ca-west-1.es.amazonaws.com,s3-eu-west-1.amazonaws.com,0.81,Amazon,com,False,False,3.57,7238,False,True,False,False,4.0
1749771072.854,eu-west-3.es.amazonaws.com,s3-eu-west-1.amazonaws.com,0.85,Amazon,com,False,False,3.66,7238,False,True,False,False,4.0
1749771072.859,eu-west-1.es.amazonaws.com,s3-eu-west-1.amazonaws.com,0.88,Amazon,com,False,False,3.66,7238,False,True,False,False,4.25
1749771072.866,sa-east-1.es.amazonaws.com,s3-eu-west-1.amazonaws.com,0.81,Amazon,com,False,False,3.46,7238,False,True,False,False,4.0
1749771072.934,fraqtion.com,flaticon.com,0.83,Let's Encrypt,com,False,False,3.42,4894,False,True,False,False,5.0
1749771073.12,eu-west-2.es.amazonaws.com,s3-eu-west-1.amazonaws.com,0.85,Amazon,com,False,False,3.66,7238,False,True,False,False,4.0
1749771073.122,us-east-1.es.amazonaws.com,s3-eu-west-1.amazonaws.com,0.81,Amazon,com,False,False,3.59,7238,False,True,False,False,4.0
1749771073.166,ntlcbc.ca,cbc.ca,0.80,Let's Encrypt,ca,False,False,2.64,4347,False,True,False,False,3.0
1749771073.178,dev.glinke.com,de.linkedin.com,0.83,Let's Encrypt,com,False,False,3.52,8740,False,True,False,False,5.0
1749771073.288,triette.com,twitter.com,0.82,Let's Encrypt,com,False,False,2.85,1922,False,True,False,False,3.0
1749771073.292,ewperio.com,weibo.com,0.80,Let's Encrypt,com,False,False,3.1,4270,False,True,False,False,4.0
1749771073.676,fouree.com,forbes.com,0.80,Let's Encrypt,com,False,False,2.92,3313,False,True,False,False,3.0
1749771073.678,skype-sk.com,skype.com,0.86,Let's Encrypt,com,False,False,3.25,361,False,True,False,False,4.25
1749771073.876,amzn100.com,amzn.com,0.84,Certainly,com,False,False,3.1,359,False,True,False,False,3.0
1749771074.205,googleku.com,google.com,0.91,Let's Encrypt,com,False,False,3.02,222,False,True,False,False,3.5
1749771074.419,ofofonews.com,foxnews.com,0.83,Let's Encrypt,com,False,False,2.93,146,False,True,False,False,4.0
1749771074.741,yeda.com,ted.com,0.80,Let's Encrypt,com,False,False,3.0,8429,False,True,False,False,3.0
1749771074.919,mgtrautner.com,gartner.com,0.80,Google Trust Services,com,False,False,3.38,6359,False,True,False,False,3.0
1749771074.972,ws.djringer.com,springer.com,0.81,Let's Encrypt,com,False,False,3.64,2,False,True,False,False,8.0
1749771075.457,biggail.com,gmail.com,0.80,Let's Encrypt,com,False,False,3.1,142,False,True,False,False,5.0
1749771075.904,tkuniverse.com,thingiverse.com,0.83,Google Trust Services,com,False,False,3.66,1800,False,True,False,False,4.0
1749771075.981,teiground.com,siteground.com,0.89,Let's Encrypt,com,False,False,3.55,359,False,True,False,False,5.25
1749771076.344,upvito.com,upi.com,0.82,Let's Encrypt,com,False,False,3.12,3389,False,True,False,False,4.0
1749770961.594,nudey.co,udemy.com,0.82,"GoDaddy.com, Inc.",co,False,False,3.0,335,False,True,False,False,2.0
1749770961.917,us-east-1.es.amazonaws.com,s3-eu-west-1.amazonaws.com,0.81,Amazon,com,False,False,3.59,7238,False,True,False,False,4.0
1749770961.975,us-west-2.es.amazonaws.com,s3-eu-west-1.amazonaws.com,0.81,Amazon,com,False,False,3.64,7238,False,True,False,False,4.0
1749770962.04,eu-west-2.es.amazonaws.com,s3-eu-west-1.amazonaws.com,0.85,Amazon,com,False,False,3.66,7238,False,True,False,False,4.0
1749770962.151,escribas.com,scribd.com,0.82,Let's Encrypt,com,False,False,3.25,8388,False,True,False,False,4.0
1749770962.16,site-al.com,intel.com,0.80,Google Trust Services,com,False,False,3.46,1655,False,True,False,False,4.0
1749770962.189,fstl.com,ft.com,0.86,Let's Encrypt,com,False,False,3.0,10280,False,True,False,False,3.25
1749770962.396,logictone.com,logitech.com,0.80,Let's Encrypt,com,False,False,3.18,122,False,True,False,False,5.0
1749770962.403,develop.5apps.com,developer.apple.com,0.83,Let's Encrypt,com,False,False,3.45,6799,False,True,False,False,5.0
1749770962.773,cassse.com,chase.com,0.84,Let's Encrypt,com,False,False,2.65,359,False,True,False,False,3.0
1749770962.926,adigitalsource.com,digitalocean.com,0.82,Let's Encrypt,com,False,False,3.73,3537,False,True,False,False,6.0
1749770963.192,rebout.me,about.me,0.82,Google Trust Services,me,True,False,2.95,118,False,True,False,False,4.0
1749770963.193,maritu.com,marriott.com,0.82,Let's Encrypt,com,False,False,3.12,547,False,True,False,False,4.0
1749770963.423,rcefl.com,cell.com,0.82,"GoDaddy.com, Inc.",com,False,False,2.95,7126,False,True,False,False,2.0
1749770963.424,luzolux.com,lulu.com,0.84,"GoDaddy.com, Inc.",com,False,False,2.91,3130,False,True,False,False,2.0
1749770963.446,valoannetwork.com,jamanetwork.com,0.81,Google Trust Services,com,False,False,3.57,336,False,True,False,False,4.0
1749770963.601,ws.crmcommunity.com,steamcommunity.com,0.81,Let's Encrypt,com,False,False,3.37,9479,False,True,False,False,4.0
1749770963.641,host.ingesos.com,hostinger.com,0.83,Let's Encrypt,com,False,False,3.28,1975,False,True,False,False,4.0
1749770963.83,lmmdw.com,dw.com,0.80,Google Trust Services,com,False,False,2.64,672,False,True,False,False,2.0
1749770963.831,drolox.com,dropbox.com,0.86,Let's Encrypt,com,False,False,2.85,3514,False,True,False,False,3.25
1749770964.071,dabbon.com,dafont.com,0.80,Let's Encrypt,com,False,False,2.92,313,False,True,False,False,3.0
1749770964.136,googlejg.com,google.com,0.91,Let's Encrypt,com,False,False,2.79,222,False,True,False,False,3.5
1749770964.452,qa.amgelfire.com,angelfire.com,0.83,Let's Encrypt,com,False,False,3.5,111,False,True,False,False,6.0
1749770964.478,amzync.com,amazon.com,0.80,Let's Encrypt,com,False,False,2.92,1460,False,True,False,False,3.0
1749770964.587,spbnc.com,espn.com,0.82,Google Trust Services,com,False,False,2.95,520,False,True,False,False,2.0
1749770964.593,cuspah.com,unsplash.com,0.82,Let's Encrypt,com,False,False,3.12,307,False,True,False,False,4.0
1749770964.793,xrakan.com,kraken.com,0.80,Google Trust Services,com,False,False,3.12,313,False,True,False,False,3.0
1749770964.892,lkgh.com,lg.com,0.86,ZeroSSL,com,False,False,3.0,-1,False,True,False,False,6.25
1749770964.911,fwim.com,ibm.com,0.80,Let's Encrypt,com,False,False,2.75,9314,False,True,False,False,3.0
1749770964.925,oasisgrounds.com,siteground.com,0.80,Let's Encrypt,com,False,False,3.41,596,False,True,False,False,5.0
1749770964.95,botqube.com,youtube.com,0.82,Let's Encrypt,com,False,False,3.1,66,False,True,False,False,5.0
1749770965.322,googlefw.com,google.com,0.91,Let's Encrypt,com,False,False,3.02,222,False,True,False,False,3.5
1749770965.699,mail.jolier.com,mail.google.com,0.80,Let's Encrypt,com,False,False,3.24,6422,False,True,False,False,4.0
1749770965.755,mazve.com,waze.com,0.82,Let's Encrypt,com,False,False,2.95,3889,False,True,False,False,3.0
1749770966.535,kances.com,ancestry.com,0.82,ZeroSSL,com,False,False,3.12,152,False,True,False,False,5.0
1749770966.577,qa.3outube.com,youtube.com,0.80,Let's Encrypt,com,False,False,3.38,5727,False,True,False,False,4.0
1749770966.847,cignea.com,ign.com,0.82,Let's Encrypt,com,False,False,3.12,7002,False,True,False,False,4.0
1749770967.498,upfn.org,un.org,0.86,Let's Encrypt,org,False,False,3.0,68,False,True,False,False,4.25
1749770967.555,ws.honky.net,sony.net,0.80,Let's Encrypt,net,False,False,3.25,465,False,True,False,False,4.0
1749770967.586,chinashed.com,coinbase.com,0.80,"GoDaddy.com, Inc.",com,False,False,3.39,731,False,True,False,False,3.0
1749770967.634,fergoogle.com,google.com,0.87,Let's Encrypt,com,False,False,3.03,222,False,True,False,False,3.25
1749770967.876,remazo.com,amazon.com,0.80,Let's Encrypt,com,False,False,2.92,2569,False,True,False,False,3.0
1749770967.885,ngobo.com,kobo.com,0.82,Let's Encrypt,com,False,False,2.64,4303,False,True,False,False,3.0
1749770967.931,healthg.cn,health.com,0.80,Sectigo Limited,cn,False,False,3.12,360,False,True,False,False,3.0
1749770968.137,odyral.com,oracle.com,0.80,Let's Encrypt,com,False,False,3.12,28,False,True,False,False,6.0
1749770968.315,stockoverflow.com,stackoverflow.com,0.94,Let's Encrypt,com,False,False,3.5,6265,False,True,False,False,5.5
1749770968.315,www.stockoverflow.com,stackoverflow.com,0.84,Let's Encrypt,com,False,False,3.44,6265,False,True,False,False,5.0
1749770968.494,acecollective.com,cargocollective.com,0.83,Let's Encrypt,com,False,False,3.1,6281,False,True,False,False,4.0
1749770968.605,selbyk.com,sellfy.com,0.80,"GoDaddy.com, Inc.",com,False,False,3.32,398,False,True,False,False,3.0
1749770968.634,bijouran.com,bizjournals.com,0.81,Let's Encrypt,com,False,False,3.42,220,False,True,False,False,5.0
1749770969.042,moolee.co.uk,google.co.uk,0.83,Let's Encrypt,uk,False,False,2.86,1326,False,True,False,False,3.0
1749770969.044,imperva.com,opera.com,0.80,GlobalSign nv-sa,com,False,False,3.28,7840,False,True,False,False,3.0
1749770969.099,azratechnix.com,arstechnica.com,0.80,Google Trust Services,com,False,False,3.64,0,False,True,False,False,7.0
1749770969.245,noiteart.com,iheart.com,0.82,Google Trust Services,com,False,False,3.25,1214,False,True,False,False,3.0
1749770882.096,refinery82.com,refinery29.com,0.93,"GoDaddy.com, Inc.",com,False,False,3.52,243,False,True,False,False,4.5
1749770882.096,www.refinery82.com,refinery29.com,0.81,"GoDaddy.com, Inc.",com,False,False,3.57,243,False,True,False,False,4.0
1749770883.276,itapan.com,bitpay.com,0.80,Let's Encrypt,com,False,False,3.12,2592,False,True,False,False,4.0
1749770883.435,pbls.com,bol.com,0.80,Let's Encrypt,com,False,False,3.0,9245,False,True,False,False,3.0
1749770883.789,s3.us-northeast-1.amazonaws.com,s3-eu-west-1.amazonaws.com,0.81,Amazon,com,False,False,3.87,7238,False,True,False,False,5.0
1749770883.797,daly-buffer.com,buffer.com,0.80,"GoDaddy.com, Inc.",com,False,False,3.77,6154,False,True,False,False,5.0
1749770883.801,us-west-2.es.amazonaws.com,s3-eu-west-1.amazonaws.com,0.81,Amazon,com,False,False,3.64,7238,False,True,False,False,4.0
1749770883.861,us-west-1.es.amazonaws.com,s3-eu-west-1.amazonaws.com,0.85,Amazon,com,False,False,3.64,7238,False,True,False,False,4.0
1749770883.862,us-east-1.es.amazonaws.com,s3-eu-west-1.amazonaws.com,0.81,Amazon,com,False,False,3.59,7238,False,True,False,False,4.0
1749770883.862,eu-west-2.es.amazonaws.com,s3-eu-west-1.amazonaws.com,0.85,Amazon,com,False,False,3.66,7238,False,True,False,False,4.0
1749770883.865,abcjsm.com,abc.com,0.82,"GoDaddy.com, Inc.",com,False,False,2.92,371,False,True,False,False,2.0
1749770883.868,finopscompany.com,fastcompany.com,0.81,"GoDaddy.com, Inc.",com,False,False,3.34,366,False,True,False,False,3.0
1749770884.344,imperva.com,opera.com,0.80,GlobalSign nv-sa,com,False,False,3.28,7840,False,True,False,False,3.0
1749770884.345,vanner.com,ranker.com,0.80,GlobalSign nv-sa,com,False,False,3.12,10481,False,True,False,False,3.0
1749770884.57,chinashed.com,coinbase.com,0.80,"GoDaddy.com, Inc.",com,False,False,3.39,731,False,True,False,False,3.0
1749770884.589,furatt.com,flattr.com,0.80,DigiCert Inc,com,False,False,3.12,-1,False,True,False,False,6.0
1749770884.66,sa-east-1.es.amazonaws.com,s3-eu-west-1.amazonaws.com,0.81,Amazon,com,False,False,3.46,-1,False,True,False,False,7.0
1749770884.848,ww25.forme.jotforme.com,form.jotform.com,0.82,Let's Encrypt,com,False,False,3.41,2265,False,True,False,False,5.0
1749770885.004,teaandtomatoes.com,rottentomatoes.com,0.83,Let's Encrypt,com,False,False,3.16,1487,False,True,False,False,4.0
1749770885.016,spotfolyo.com,spotify.com,0.83,Let's Encrypt,com,False,False,3.09,1853,False,True,False,False,3.0
1749770885.055,tmgcatalog.com,thoughtcatalog.com,0.81,Let's Encrypt,com,False,False,2.95,6796,False,True,False,False,3.0
1749770885.192,mypxa.com,myspace.com,0.80,"CLOUDFLARE, INC.",com,False,False,2.95,65,False,True,False,False,3.0
1749770885.43,cg-s.com,cbs.com,0.80,"GoDaddy.com, Inc.",com,False,False,2.75,0,False,True,False,False,5.0
1749770885.705,arselexpress.com,aliexpress.com,0.87,Let's Encrypt,com,False,False,3.28,1754,False,True,False,False,4.25
1749770885.906,ppodema.com,podbean.com,0.82,ZeroSSL,com,False,False,2.91,3653,False,True,False,False,3.0
1749770886.139,googlevm.com,google.com,0.91,Let's Encrypt,com,False,False,2.86,-1,False,True,False,False,6.5
1749770886.244,avvoa.com,avvo.com,0.94,Let's Encrypt,com,False,False,2.5,200,False,True,False,False,3.5
1749770886.289,fotaf.com,ft.com,0.80,Let's Encrypt,com,False,False,2.73,7637,False,True,False,False,3.0
1749770886.294,meneta.com,meetup.com,0.80,Google Trust Services,com,False,False,2.92,10562,False,True,False,False,2.0
1749770886.445,scalake.com,slack.com,0.80,Let's Encrypt,com,False,False,3.1,365,False,True,False,False,4.0
1749770886.476,vtcprime.com,time.com,0.80,ZeroSSL,com,False,False,3.25,321,False,True,False,False,4.0
1749770886.626,omahastreetart.com,marthastewart.com,0.80,"GoDaddy.com, Inc.",com,False,False,3.2,1143,False,True,False,False,3.0
1749770886.797,lbus.com,cbs.com,0.80,"GoDaddy.com, Inc.",com,False,False,3.0,9249,False,True,False,False,2.0
1749770886.802,privicee.com,vice.com,0.80,Google Trust Services,com,False,False,3.08,3975,False,True,False,False,2.0
1749770887.101,us-gov-west-1.es.amazonaws.com,s3-eu-west-1.amazonaws.com,0.82,Amazon,com,False,False,3.81,7238,False,True,False,False,5.0
1749770887.109,postology.com,synology.com,0.80,"GoDaddy.com, Inc.",com,False,False,3.09,8360,False,True,False,False,2.0
1749770887.231,nepurl.com,eepurl.com,0.90,Let's Encrypt,com,False,False,3.32,127,False,True,False,False,5.5
1749770887.365,lydia-d.com,lynda.com,0.80,"GoDaddy.com, Inc.",com,False,False,3.28,8679,False,True,False,False,3.0
1749770887.404,xzero.co.uk,metro.co.uk,0.82,Let's Encrypt,uk,False,False,3.1,3701,False,True,False,False,4.0
1749770887.448,forbee.com,forbes.com,0.90,ZeroSSL,com,False,False,2.92,11359,False,True,False,False,3.5
1749770887.652,donetflik.com,netflix.com,0.83,Let's Encrypt,com,False,False,3.55,63,False,True,False,False,6.0
1749770887.683,usfiberc.com,uber.com,0.80,"GoDaddy.com, Inc.",com,False,False,3.42,560,False,True,False,False,4.0
1749770887.691,geopear.com,opera.com,0.80,"GoDaddy.com, Inc.",com,False,False,3.1,2598,False,True,False,False,3.0
1749770887.779,beta.steamcommunity.com,steamcommunity.com,0.88,Let's Encrypt,com,False,False,3.53,6955,False,True,False,False,5.25
1749770887.779,preview.steamcommunity.com,steamcommunity.com,0.82,Let's Encrypt,com,False,False,3.83,6955,False,True,False,False,6.0
1749770887.779,beta.steampowered.com,store.steampowered.com,0.84,Let's Encrypt,com,False,False,3.54,9073,False,True,False,False,5.0
1749770887.779,preview.steampowered.com,store.steampowered.com,0.83,Let's Encrypt,com,False,False,3.6,9073,False,True,False,False,5.0
1749770887.966,xcnext.com,cnet.com,0.89,ZeroSSL,com,False,False,2.92,1949,False,True,False,False,3.25
1749770887.973,climora.com,imore.com,0.80,Let's Encrypt,com,False,False,2.91,657,False,True,False,False,3.0
1749770888.064,d4dmail.com,gmail.com,0.80,"GoDaddy.com, Inc.",com,False,False,3.1,1267,False,True,False,False,3.0
1749770888.128,nudey.co,udemy.com,0.82,"GoDaddy.com, Inc.",co,False,False,3.0,335,False,True,False,False,2.0
1749770888.221,renovayt.com,envato.com,0.82,ZeroSSL,com,False,False,3.42,2,False,True,False,False,8.0
1749770888.223,star-tex.com,startnext.com,0.88,Let's Encrypt,com,False,False,3.42,6370,False,True,False,False,5.25
1749770888.266,ltac.com,slack.com,0.82,Google Trust Services,com,False,False,2.75,8950,False,True,False,False,2.0
1749770888.563,seatzen.com,slate.com,0.80,Let's Encrypt,com,False,False,3.28,3681,False,True,False,False,4.0
1749770888.623,www.ezshop.com,www8.hp.com,0.80,Let's Encrypt,com,False,False,3.18,9624,False,True,False,False,4.0
1749770888.648,stitchesbysora.com,stitcher.com,0.80,Google Trust Services,com,False,False,3.57,1034,False,True,False,False,4.0
1749770889.041,bluestripes.com,stripe.com,0.80,Google Trust Services,com,False,False,3.64,8247,False,True,False,False,4.0
1749770889.117,twaqstore.com,appstore.com,0.80,Google Trust Services,com,False,False,3.39,177,False,True,False,False,4.0
1749770889.277,avecy.com,ravelry.com,0.80,Let's Encrypt,com,False,False,2.95,2221,False,True,False,False,3.0
1749770889.299,mozulo.com,moz.com,0.82,Let's Encrypt,com,False,False,2.65,2290,False,True,False,False,3.0
1749770889.479,cupello.com,cell.com,0.84,Google Trust Services,com,False,False,2.91,6998,False,True,False,False,2.0
1749770889.565,tipsamex.com,time.com,0.80,Let's Encrypt,com,False,False,3.42,133,False,True,False,False,6.0
1749770889.566,vizmol.com,vimeo.com,0.84,Let's Encrypt,com,False,False,2.92,2660,False,True,False,False,3.0
1749770889.573,cobastrue.com,coinbase.com,0.80,Let's Encrypt,com,False,False,3.39,43,False,True,False,False,6.0
1749770889.622,garthkerr.com,gartner.com,0.83,Google Trust Services,com,False,False,3.33,8758,False,True,False,False,3.0
1749770889.687,tntei.com,tunein.com,0.84,"GoDaddy.com, Inc.",com,False,False,2.95,0,False,True,False,False,5.0
1749770889.694,4renovation.com,envato.com,0.80,Let's Encrypt,com,False,False,3.46,36,False,True,False,False,7.0
1749770889.826,morelov.com,imore.com,0.80,Google Trust Services,com,False,False,2.85,6308,False,True,False,False,2.0
1749770947.8,damoti.com,dailymotion.com,0.80,Let's Encrypt,com,False,False,2.92,5497,False,True,False,False,3.0
1749770947.9,trekion.com,patreon.com,0.82,Let's Encrypt,com,False,False,3.28,3079,False,True,False,False,4.0
1749770948.166,ttelin.com,tunein.com,0.80,Let's Encrypt,com,False,False,3.12,67,False,True,False,False,5.0
1749770948.177,motiza.com,moz.com,0.82,Let's Encrypt,com,False,False,2.92,3142,False,True,False,False,3.0
1749770948.45,capmn.com,amzn.com,0.82,Let's Encrypt,com,False,False,2.73,4468,False,True,False,False,3.0
1749770948.647,crespc.com,createspace.com,0.80,Google Trust Services,com,False,False,2.85,3652,False,True,False,False,2.0
1749770948.772,sovhk.com,vk.com,0.80,"GoDaddy.com, Inc.",com,False,False,2.95,181,False,True,False,False,2.0
1749770949.011,timklemt.com,time.com,0.80,Google Trust Services,com,False,False,3.02,-1,False,True,False,False,5.0
1749770949.118,hostkaro.com,hostgator.com,0.80,Let's Encrypt,com,False,False,3.19,389,False,True,False,False,4.0
1749770949.186,webexsd.com,webmd.com,0.80,Let's Encrypt,com,False,False,3.28,2923,False,True,False,False,4.0
1749770949.379,yevek.com,vk.com,0.80,Let's Encrypt,com,False,False,2.95,3269,False,True,False,False,3.0
1749770949.462,nuagetimes.com,nytimes.com,0.80,Google Trust Services,com,False,False,3.52,3486,False,True,False,False,4.0
1749770949.688,uoraie.com,quora.com,0.84,Google Trust Services,com,False,False,3.12,177,False,True,False,False,4.0
1749770949.719,case-coinbase.com,coinbase.com,0.83,Google Trust Services,com,False,False,3.34,355,False,True,False,False,3.0
1749770949.824,cnv.co,canva.com,0.80,Let's Encrypt,co,False,False,2.25,5587,False,True,False,False,3.0
1749770949.909,osaan.com.br,amazon.com.br,0.80,Let's Encrypt,br,False,False,3.08,1429,False,True,False,False,3.0
1749770950.085,houbun.com,ubuntu.com,0.80,Let's Encrypt,com,False,False,2.92,9199,False,True,False,False,3.0
1749770950.544,eoni4.com,eonline.com,0.80,"CLOUDFLARE, INC.",com,False,False,2.95,-1,False,True,False,False,5.0
1749770951.184,vinbox.com,vox.com,0.82,Let's Encrypt,com,False,False,3.12,7695,False,True,False,False,4.0
1749770951.188,meethubapp.com,meetup.com,0.83,Let's Encrypt,com,False,False,3.38,780,False,True,False,False,4.0
1749770951.188,ws.nytime.com,nytimes.com,0.83,Let's Encrypt,com,False,False,3.39,10191,False,True,False,False,4.0
1749770951.346,stemika.com,steemit.com,0.82,"GoDaddy.com, Inc.",com,False,False,3.28,121,False,True,False,False,4.0
1749770951.566,m.alerionexpress.com,aliexpress.com,0.82,ZeroSSL,com,False,False,3.58,9264,False,True,False,False,5.0
1749770951.947,nudey.co,udemy.com,0.82,"GoDaddy.com, Inc.",co,False,False,3.0,335,False,True,False,False,2.0
1749770951.975,rcllc.com,cell.com,0.82,Google Trust Services,com,False,False,2.42,7927,False,True,False,False,2.0
1749770951.976,93collective.com,cargocollective.com,0.80,Google Trust Services,com,False,False,3.33,2447,False,True,False,False,3.0
1749770951.983,fallas.org,fas.org,0.82,Let's Encrypt,org,False,False,2.92,3394,False,True,False,False,3.0
1749770951.986,beox.com,vox.com,0.80,Let's Encrypt,com,False,False,2.75,8597,False,True,False,False,3.0
1749770952.1,coimmarketcaplet.com,coinmarketcap.com,0.86,"CLOUDFLARE, INC.",com,False,False,3.45,70,False,True,False,False,5.25
1749770952.156,googlejb.com,google.com,0.91,Let's Encrypt,com,False,False,3.02,222,False,True,False,False,3.5
1749770952.186,support.al.cm,support.apple.com,0.87,Let's Encrypt,cm,True,True,3.39,-1,False,True,False,False,10
1749770952.187,vocalzmusic.com,allmusic.com,0.81,Let's Encrypt,com,False,False,3.32,4078,False,True,False,False,4.0
1749770952.208,pmlc.com,pwc.com,0.80,Let's Encrypt,com,False,False,2.5,9254,False,True,False,False,3.0
1749770952.613,npcwl.com,pcworld.com,0.80,ZeroSSL,com,False,False,2.95,3829,False,True,False,False,3.0
1749770952.756,steemcommnnity.com,steamcommunity.com,0.89,Google Trust Services,com,False,False,3.17,0,False,True,False,False,6.25
1749770952.81,thefringese.com,thingiverse.com,0.80,Google Trust Services,com,False,False,3.59,1075,False,True,False,False,4.0
1749770952.876,gmrszn.com,msn.com,0.82,Let's Encrypt,com,False,False,3.12,1381,False,True,False,False,4.0
1749770953.167,dvk-online.com,eonline.com,0.80,Let's Encrypt,com,False,False,3.52,6842,False,True,False,False,5.0
1749770953.243,developer.buysafe.com,developer.apple.com,0.80,Let's Encrypt,com,False,False,3.82,8425,False,True,False,False,6.0
1749770953.384,colomtech.com,logitech.com,0.80,Let's Encrypt,com,False,False,2.82,6,False,True,False,False,6.0
1749770953.385,nord-ess.com,wordpress.com,0.80,Let's Encrypt,com,False,False,3.25,1026,False,True,False,False,4.0
1749770953.395,tntmaster.com,ticketmaster.com,0.83,Let's Encrypt,com,False,False,3.18,4051,False,True,False,False,4.0
1749770953.446,lasrs.com,asus.com,0.82,Let's Encrypt,com,False,False,2.95,3500,False,True,False,False,3.0
1749770953.492,kindscience.com,livescience.com,0.80,Google Trust Services,com,False,False,3.19,2820,False,True,False,False,3.0
1749770953.494,googleew.com,google.com,0.91,Let's Encrypt,com,False,False,2.86,222,False,True,False,False,3.5
1749770953.761,googleul.com,google.com,0.91,Let's Encrypt,com,False,False,2.86,222,False,True,False,False,3.5
1749770953.769,googleqk.com,google.com,0.91,Let's Encrypt,com,False,False,3.02,222,False,True,False,False,3.5
1749770953.85,siteory.com,storify.com,0.82,Google Trust Services,com,False,False,3.28,4888,False,True,False,False,3.0
1749770954.264,imperva.com,opera.com,0.80,GlobalSign nv-sa,com,False,False,3.28,7840,False,True,False,False,3.0
1749770954.345,omahastreetart.com,marthastewart.com,0.80,"GoDaddy.com, Inc.",com,False,False,3.2,1143,False,True,False,False,3.0
1749770954.404,furatt.com,flattr.com,0.80,DigiCert Inc,com,False,False,3.12,5115,False,True,False,False,3.0
1749770954.42,zhulo.com,hulu.com,0.82,Google Trust Services,com,False,False,2.95,139,False,True,False,False,3.0
1749770954.422,khaflh.com,health.com,0.80,"CLOUDFLARE, INC.",com,False,False,3.12,70,False,True,False,False,4.0
1749770954.53,inapef.org,inkscape.org,0.82,Let's Encrypt,org,False,False,3.32,8190,False,True,False,False,4.0
1749770954.803,917newyork.com,newyorker.com,0.81,Let's Encrypt,com,False,False,3.66,9141,False,True,False,False,5.0
